Customer_ID,Gender,Age,Married,State,Number_of_Referrals,Tenure_in_Months,Value_Deal,Phone_Service,Multiple_Lines,Internet_Service,Internet_Type,Online_Security,Online_Backup,Device_Protection_Plan,Premium_Support,Streaming_TV,Streaming_Movies,Streaming_Music,Unlimited_Data,Contract,Paperless_Billing,Payment_Method,Monthly_Charge,Total_Charges,Total_Refunds,Total_Extra_Data_Charges,Total_Long_Distance_Charges,Total_Revenue,Customer_Status,Churn_Category,Churn_Reason
93520-GUJ,Female,67,No,Gujarat,13,19,"Deal 5",Yes,Yes,Yes,"Fiber Optic",No,No,No,No,No,No,No,Yes,"One Year",Yes,"Bank Withdrawal",72.1,72.1,0,0,7.77,79.87,Joined,,
57256-BIH,Female,18,No,Bihar,9,7,,Yes,No,No,,,,,,,,,,Month-to-Month,No,"Credit Card",19.85,57.2,0,0,9.36,66.56,Joined,,
72357-MAD,Female,53,No,"Madhya Pradesh",14,12,"Deal 5",Yes,No,Yes,DSL,No,No,No,No,No,No,No,Yes,Month-to-Month,Yes,"Credit Card",44.3,44.3,0,0,42.95,87.25,Joined,,
66612-KAR,Female,58,Yes,Karnataka,11,18,,Yes,No,No,,,,,,,,,,Month-to-Month,No,"Credit Card",19.95,58,0,0,8.07,66.07,Joined,,
22119-WES,Male,31,Yes,"West Bengal",5,5,,Yes,No,No,,,,,,,,,,Month-to-Month,No,"Credit Card",20.05,33.7,0,0,3.62,37.32,Joined,,
79168-UTT,Female,78,No,"Uttar Pradesh",2,10,"Deal 5",Yes,No,Yes,Cable,No,No,No,No,No,No,No,Yes,"One Year",Yes,"Bank Withdrawal",44.3,89.3,0,0,47.82,137.12,Joined,,
66712-GUJ,Female,47,Yes,Gujarat,6,33,"Deal 5",Yes,No,Yes,"Fiber Optic",No,Yes,No,No,No,Yes,Yes,Yes,Month-to-Month,No,"Bank Withdrawal",84.3,235.05,0,0,41.16,276.21,Joined,,
53815-BIH,Female,36,No,Bihar,2,4,,Yes,No,No,,,,,,,,,,Month-to-Month,No,"Credit Card",19.7,19.7,0,0,34.28,53.98,Joined,,
34110-MAH,Female,20,Yes,Maharashtra,6,3,,Yes,Yes,Yes,Cable,No,No,No,No,No,No,No,Yes,Month-to-Month,Yes,"Bank Withdrawal",50.1,50.1,0,0,29.13,79.23,Joined,,
12056-WES,Male,27,No,"West Bengal",2,20,,Yes,No,Yes,"Fiber Optic",No,Yes,Yes,No,No,Yes,Yes,Yes,Month-to-Month,No,"Bank Withdrawal",90.4,268.45,0,0,94.44,362.89,Joined,,
82129-JHA,Female,26,No,Jharkhand,9,8,"Deal 5",Yes,No,Yes,DSL,No,Yes,No,No,Yes,No,No,Yes,Month-to-Month,Yes,"Credit Card",58.7,168.6,0,0,34.41,203.01,Joined,,
27880-AND,Male,48,No,"Andhra Pradesh",14,21,,Yes,Yes,No,,,,,,,,,,"Two Year",Yes,"Credit Card",26.4,121.25,0,0,101.61,222.86,Joined,,
39764-UTT,Female,39,Yes,"Uttar Pradesh",5,14,,Yes,No,No,,,,,,,,,,Month-to-Month,No,"Credit Card",19.35,46.35,0,0,88.68,135.03,Joined,,
29626-WES,Male,67,No,"West Bengal",10,22,"Deal 5",Yes,No,Yes,DSL,Yes,No,No,No,No,No,No,No,Month-to-Month,No,"Bank Withdrawal",50.15,50.15,0,50,38.33,138.48,Joined,,
47133-ODI,Female,60,Yes,Odisha,15,8,,Yes,No,Yes,Cable,No,No,No,No,No,No,No,Yes,Month-to-Month,No,"Bank Withdrawal",44.6,122.7,0,0,46.77,169.47,Joined,,
62842-HAR,Male,33,Yes,Haryana,11,25,,Yes,No,No,,,,,,,,,,Month-to-Month,No,"Credit Card",19.3,44.4,0,0,99.82,144.22,Joined,,
21288-MAH,Female,63,No,Maharashtra,12,34,,Yes,Yes,Yes,DSL,No,No,No,No,Yes,No,No,No,Month-to-Month,Yes,"Bank Withdrawal",60.25,170.5,0,70,60.3,300.8,Joined,,
83994-DEL,Male,48,Yes,Delhi,8,24,,Yes,No,Yes,"Fiber Optic",No,No,No,No,Yes,Yes,Yes,Yes,Month-to-Month,No,"Credit Card",90.7,237.65,0,0,16.17,253.82,Joined,,
24754-AND,Female,63,Yes,"Andhra Pradesh",0,28,,Yes,No,Yes,"Fiber Optic",No,No,No,No,No,No,No,Yes,Month-to-Month,Yes,"Bank Withdrawal",69.55,200.2,33.8,0,5.01,171.41,Joined,,
62497-BIH,Female,20,No,Bihar,0,2,"Deal 5",Yes,No,No,,,,,,,,,,Month-to-Month,Yes,"Credit Card",20.75,67.1,0,0,49.17,116.27,Joined,,
24990-WES,Female,36,No,"West Bengal",8,24,,Yes,No,Yes,"Fiber Optic",No,No,No,No,No,No,No,Yes,Month-to-Month,Yes,"Bank Withdrawal",71.65,135.75,0,0,58.06,193.81,Joined,,
26500-GUJ,Female,62,Yes,Gujarat,3,19,"Deal 5",Yes,No,Yes,Cable,Yes,No,No,No,No,Yes,Yes,Yes,Month-to-Month,Yes,"Mailed Check",62.15,113.1,0,0,96.78,209.88,Joined,,
17796-BIH,Female,65,No,Bihar,5,1,,Yes,No,Yes,Cable,Yes,No,No,No,No,No,No,Yes,Month-to-Month,Yes,"Bank Withdrawal",48.45,48.45,0,0,16.42,64.87,Joined,,
21956-JHA,Female,59,Yes,Jharkhand,10,8,,Yes,No,Yes,"Fiber Optic",Yes,No,No,Yes,No,No,No,No,Month-to-Month,Yes,"Credit Card",82.3,214.4,0,20,134.91,369.31,Joined,,
92198-DEL,Female,44,Yes,Delhi,8,15,"Deal 5",Yes,No,No,,,,,,,,,,Month-to-Month,Yes,"Credit Card",20.25,20.25,0,0,28.18,48.43,Joined,,
79905-UTT,Female,24,No,"Uttar Pradesh",0,12,,Yes,No,No,,,,,,,,,,Month-to-Month,No,"Credit Card",20.45,20.45,0,0,30.09,50.54,Joined,,
71509-HAR,Female,40,No,Haryana,3,27,,Yes,No,Yes,DSL,No,No,No,No,Yes,No,No,Yes,Month-to-Month,Yes,"Bank Withdrawal",54.65,54.65,0,0,36.33,90.98,Joined,,
62535-AND,Male,42,No,"Andhra Pradesh",8,22,"Deal 5",Yes,No,Yes,Cable,No,No,No,Yes,Yes,Yes,Yes,Yes,Month-to-Month,No,"Credit Card",70.7,225.65,0,0,75.12,300.77,Joined,,
45978-GUJ,Female,38,Yes,Gujarat,2,19,,Yes,No,No,,,,,,,,,,Month-to-Month,No,"Credit Card",20.75,44.2,0,0,55.34,99.54,Joined,,
91835-GUJ,Male,21,Yes,Gujarat,12,5,,Yes,No,Yes,Cable,No,No,Yes,Yes,Yes,Yes,Yes,Yes,Month-to-Month,Yes,"Bank Withdrawal",75.5,75.5,0,0,5.63,81.13,Joined,,
98788-TAM,Male,58,Yes,"Tamil Nadu",4,16,"Deal 5",Yes,No,No,,,,,,,,,,Month-to-Month,Yes,"Mailed Check",20.05,39.25,0,0,13.7,52.95,Joined,,
48018-RAJ,Male,39,No,Rajasthan,1,14,,Yes,No,No,,,,,,,,,,Month-to-Month,No,"Credit Card",19.55,19.55,0,0,30.63,50.18,Joined,,
31601-DEL,Female,31,Yes,Delhi,2,10,,Yes,No,No,,,,,,,,,,Month-to-Month,No,"Credit Card",19.65,19.65,0,0,42.42,62.07,Joined,,
74651-WES,Female,30,Yes,"West Bengal",7,23,,No,,Yes,DSL,No,Yes,No,No,No,No,No,Yes,Month-to-Month,No,"Credit Card",29.2,98.5,0,0,0,98.5,Joined,,
42358-BIH,Female,53,No,Bihar,9,35,,Yes,No,Yes,DSL,No,No,No,No,Yes,No,No,Yes,Month-to-Month,Yes,"Bank Withdrawal",54.2,140.4,0,0,124.14,264.54,Joined,,
71564-KAR,Female,48,No,Karnataka,6,5,,Yes,No,No,,,,,,,,,,Month-to-Month,No,"Credit Card",19.05,19.05,0,0,5.02,24.07,Joined,,
22137-KAR,Female,51,No,Karnataka,4,28,,Yes,No,No,,,,,,,,,,"One Year",No,"Credit Card",19.85,19.85,0,0,47.46,67.31,Joined,,
44709-WES,Female,72,Yes,"West Bengal",7,17,,No,,Yes,DSL,No,Yes,No,No,No,No,No,Yes,Month-to-Month,Yes,"Bank Withdrawal",30.75,82.85,0,0,0,82.85,Joined,,
27856-UTT,Female,33,Yes,"Uttar Pradesh",1,32,"Deal 5",Yes,No,No,,,,,,,,,,Month-to-Month,Yes,"Bank Withdrawal",19.25,19.25,0,0,9.44,28.69,Joined,,
26567-UTT,Female,67,Yes,"Uttar Pradesh",1,35,,Yes,No,No,,,,,,,,,,"Two Year",No,"Credit Card",20.35,20.35,0,0,30.09,50.44,Joined,,
27465-JAM,Female,50,No,"Jammu & Kashmir",10,30,,Yes,No,No,,,,,,,,,,Month-to-Month,No,"Credit Card",19.85,19.85,0,0,16.47,36.32,Joined,,
54195-MAH,Female,61,Yes,Maharashtra,11,23,,Yes,No,No,,,,,,,,,,Month-to-Month,No,"Bank Withdrawal",19.75,19.75,0,0,37.62,57.37,Joined,,
94978-PUN,Female,36,No,Punjab,2,8,,Yes,No,No,,,,,,,,,,"One Year",Yes,"Credit Card",19.45,69.25,0,0,8.34,77.59,Joined,,
38748-AND,Female,22,Yes,"Andhra Pradesh",13,6,,Yes,No,No,,,,,,,,,,Month-to-Month,No,"Bank Withdrawal",19.65,19.65,0,0,27.88,47.53,Joined,,
78918-BIH,Female,59,No,Bihar,12,11,"Deal 5",Yes,No,Yes,"Fiber Optic",Yes,No,No,No,No,Yes,Yes,Yes,Month-to-Month,Yes,"Credit Card",86.05,244.85,0,0,54.78,299.63,Joined,,
99515-ASS,Male,34,No,Assam,11,11,,Yes,Yes,Yes,Cable,No,No,No,Yes,Yes,No,No,Yes,Month-to-Month,Yes,"Credit Card",65.25,209.9,0,0,128.04,337.94,Joined,,
26902-TEL,Male,52,Yes,Telangana,7,2,,Yes,No,Yes,"Fiber Optic",No,No,No,Yes,Yes,Yes,Yes,Yes,Month-to-Month,Yes,"Bank Withdrawal",95.85,95.85,0,0,2.7,98.55,Joined,,
97497-RAJ,Male,24,Yes,Rajasthan,9,8,"Deal 5",Yes,No,Yes,DSL,No,Yes,No,No,No,No,No,Yes,Month-to-Month,Yes,"Bank Withdrawal",49.9,49.9,0,0,6.35,56.25,Joined,,
28317-MAD,Female,29,Yes,"Madhya Pradesh",14,6,,Yes,No,No,,,,,,,,,,"Two Year",No,"Mailed Check",19.1,52,0,0,135.99,187.99,Joined,,
32063-UTT,Female,63,Yes,"Uttar Pradesh",6,31,"Deal 5",Yes,No,No,,,,,,,,,,Month-to-Month,Yes,"Credit Card",19,19,0,0,28.28,47.28,Joined,,
84843-MAD,Female,57,Yes,"Madhya Pradesh",11,8,,Yes,Yes,Yes,"Fiber Optic",No,No,No,No,No,No,No,Yes,Month-to-Month,Yes,"Bank Withdrawal",75.1,75.1,0,0,4.53,79.63,Joined,,
43920-RAJ,Female,38,No,Rajasthan,9,3,"Deal 5",Yes,No,Yes,Cable,Yes,No,No,No,No,No,No,Yes,Month-to-Month,No,"Credit Card",49.9,49.9,0,0,9,58.9,Joined,,
94609-HAR,Female,45,No,Haryana,1,11,,Yes,No,No,,,,,,,,,,Month-to-Month,No,"Credit Card",19.65,60.65,0,0,91.02,151.67,Joined,,
48939-BIH,Female,38,Yes,Bihar,1,6,,Yes,No,Yes,DSL,No,Yes,No,No,No,No,No,Yes,Month-to-Month,No,"Bank Withdrawal",49.95,49.95,0,0,44.98,94.93,Joined,,
67882-UTT,Female,44,No,"Uttar Pradesh",3,16,"Deal 5",Yes,No,Yes,DSL,No,No,No,No,No,No,No,Yes,Month-to-Month,No,"Bank Withdrawal",43.8,43.8,0,0,37.5,81.3,Joined,,
18015-ODI,Female,28,Yes,Odisha,15,9,,Yes,No,Yes,DSL,No,No,No,Yes,No,No,No,Yes,Month-to-Month,Yes,"Bank Withdrawal",49.9,49.9,0,0,14.93,64.83,Joined,,
12257-ASS,Female,39,No,Assam,9,1,,Yes,No,No,,,,,,,,,,Month-to-Month,Yes,"Credit Card",19.55,19.55,0,0,10.2,29.75,Joined,,
78253-GUJ,Male,63,No,Gujarat,13,30,,Yes,No,Yes,"Fiber Optic",No,Yes,No,No,No,Yes,Yes,Yes,Month-to-Month,Yes,"Bank Withdrawal",85,85,0,0,15.2,100.2,Joined,,
66868-HAR,Female,25,Yes,Haryana,13,10,,Yes,No,Yes,"Fiber Optic",No,No,No,No,No,No,No,No,Month-to-Month,Yes,"Bank Withdrawal",70.25,70.25,0,10,10.05,90.3,Joined,,
33776-BIH,Male,32,Yes,Bihar,6,10,,Yes,No,No,,,,,,,,,,Month-to-Month,No,"Credit Card",19.2,19.2,0,0,35.88,55.08,Joined,,
16931-BIH,Female,39,Yes,Bihar,8,23,"Deal 5",Yes,No,No,,,,,,,,,,Month-to-Month,Yes,"Credit Card",19.3,19.3,0,0,8.66,27.96,Joined,,
74518-ODI,Female,27,No,Odisha,13,13,"Deal 5",Yes,No,Yes,DSL,No,No,No,No,No,No,No,Yes,Month-to-Month,No,"Bank Withdrawal",44.45,82.7,0,0,37.4,120.1,Joined,,
83486-MAH,Male,34,No,Maharashtra,5,4,"Deal 5",Yes,No,Yes,"Fiber Optic",No,No,Yes,No,No,No,No,Yes,Month-to-Month,No,"Credit Card",75.35,75.35,0,0,38.89,114.24,Joined,,
38663-UTT,Male,42,No,"Uttar Pradesh",7,15,"Deal 5",Yes,No,No,,,,,,,,,,Month-to-Month,No,"Credit Card",20.3,40.25,0,0,14.54,54.79,Joined,,
44655-TEL,Male,41,Yes,Telangana,0,25,,Yes,No,Yes,DSL,No,No,No,Yes,No,No,No,Yes,Month-to-Month,Yes,"Mailed Check",50.5,147.75,0,0,79.14,226.89,Joined,,
11751-TAM,Female,18,No,"Tamil Nadu",5,7,"Deal 5",No,,Yes,DSL,No,No,No,No,No,No,No,Yes,Month-to-Month,No,"Mailed Check",24.3,38.45,0,0,0,38.45,Joined,,
45213-AND,Female,25,Yes,"Andhra Pradesh",15,5,"Deal 5",Yes,No,Yes,Cable,Yes,No,No,No,No,Yes,Yes,Yes,Month-to-Month,Yes,"Credit Card",61.2,125.95,0,0,64.12,190.07,Joined,,
21165-DEL,Female,38,No,Delhi,2,32,"Deal 5",Yes,No,No,,,,,,,,,,Month-to-Month,No,"Credit Card",19.95,38.15,0,0,69.14,107.29,Joined,,
83113-GUJ,Male,35,No,Gujarat,8,30,,No,,Yes,DSL,No,No,No,Yes,No,No,No,Yes,Month-to-Month,No,"Credit Card",29.15,29.15,0,0,0,29.15,Joined,,
34319-UTT,Male,40,Yes,"Uttar Pradesh",12,25,"Deal 5",Yes,No,Yes,DSL,No,Yes,No,No,No,No,No,Yes,Month-to-Month,Yes,"Credit Card",50.15,50.15,0,0,20.3,70.45,Joined,,
73044-KAR,Male,23,Yes,Karnataka,15,5,,Yes,No,Yes,"Fiber Optic",No,Yes,No,No,No,No,No,Yes,Month-to-Month,No,"Credit Card",74.6,74.6,0,0,42.99,117.59,Joined,,
71689-PUN,Female,42,Yes,Punjab,3,19,,Yes,No,Yes,DSL,No,No,No,No,No,No,No,Yes,Month-to-Month,No,"Credit Card",43.95,43.95,0,0,45.59,89.54,Joined,,
78885-TAM,Female,43,No,"Tamil Nadu",2,5,"Deal 5",Yes,No,No,,,,,,,,,,Month-to-Month,No,"Credit Card",19.5,19.5,0,0,20.11,39.61,Joined,,
65987-TAM,Male,52,Yes,"Tamil Nadu",9,34,"Deal 5",Yes,Yes,Yes,DSL,Yes,Yes,No,No,No,No,No,Yes,Month-to-Month,No,"Bank Withdrawal",61.15,61.15,0,0,17.07,78.22,Joined,,
94070-JAM,Female,21,Yes,"Jammu & Kashmir",8,3,,Yes,No,Yes,"Fiber Optic",No,No,No,No,Yes,Yes,Yes,Yes,Month-to-Month,Yes,"Bank Withdrawal",90.1,90.1,0,0,24.33,114.43,Joined,,
85031-RAJ,Female,60,No,Rajasthan,1,4,"Deal 5",Yes,No,Yes,DSL,No,No,No,No,No,No,No,Yes,Month-to-Month,No,"Bank Withdrawal",44,44,0,0,13.4,57.4,Joined,,
72469-MAD,Male,56,No,"Madhya Pradesh",9,9,,Yes,No,Yes,Cable,Yes,No,Yes,No,No,No,No,Yes,Month-to-Month,No,"Credit Card",55.7,55.7,0,0,17.68,73.38,Joined,,
46792-MAD,Female,59,Yes,"Madhya Pradesh",6,25,"Deal 5",No,,Yes,DSL,No,No,Yes,Yes,No,No,No,Yes,Month-to-Month,No,"Credit Card",35.9,35.9,0,0,0,35.9,Joined,,
28873-TAM,Male,55,No,"Tamil Nadu",7,4,,Yes,No,Yes,"Fiber Optic",No,Yes,No,No,No,No,No,Yes,Month-to-Month,No,"Bank Withdrawal",74.95,151.75,0,0,7.52,159.27,Joined,,
95748-UTT,Male,22,Yes,"Uttar Pradesh",5,4,"Deal 5",Yes,Yes,No,,,,,,,,,,Month-to-Month,No,"Mailed Check",25.4,25.4,0,0,32.73,58.13,Joined,,
23683-TEL,Male,26,No,Telangana,10,16,,Yes,No,No,,,,,,,,,,Month-to-Month,Yes,"Credit Card",20.25,20.25,0,0,42.96,63.21,Joined,,
84789-PUN,Male,46,No,Punjab,9,19,"Deal 5",Yes,No,Yes,"Fiber Optic",No,Yes,Yes,Yes,Yes,Yes,Yes,Yes,Month-to-Month,Yes,"Bank Withdrawal",107.95,318.6,0,0,37.98,356.58,Joined,,
84508-TAM,Female,28,Yes,"Tamil Nadu",11,28,,Yes,No,No,,,,,,,,,,Month-to-Month,No,"Credit Card",21.1,21.1,0,0,18.81,39.91,Joined,,
98301-WES,Male,28,Yes,"West Bengal",4,27,,Yes,No,Yes,Cable,Yes,No,Yes,No,No,No,No,Yes,Month-to-Month,No,"Bank Withdrawal",53.45,119.5,0,0,25.18,144.68,Joined,,
16068-BIH,Female,44,Yes,Bihar,4,25,"Deal 5",No,,Yes,DSL,No,No,No,No,No,No,No,No,Month-to-Month,No,"Bank Withdrawal",25.25,25.25,0,10,0,35.25,Joined,,
42768-TAM,Female,45,No,"Tamil Nadu",13,14,,Yes,No,No,,,,,,,,,,Month-to-Month,No,"Credit Card",19.4,19.4,0,0,2.85,22.25,Joined,,
46619-RAJ,Male,25,No,Rajasthan,1,14,,Yes,No,No,,,,,,,,,,"One Year",No,"Credit Card",20.4,20.4,0,0,27.5,47.9,Joined,,
84613-BIH,Female,30,No,Bihar,8,22,"Deal 5",Yes,Yes,Yes,"Fiber Optic",No,Yes,No,No,No,No,No,No,Month-to-Month,Yes,"Credit Card",79.15,79.15,0,60,18,157.15,Joined,,
91320-PUD,Female,58,No,Puducherry,0,18,,Yes,No,Yes,"Fiber Optic",No,No,No,No,No,No,No,Yes,Month-to-Month,No,"Bank Withdrawal",70.1,70.1,0,0,1.15,71.25,Joined,,
39540-BIH,Female,34,No,Bihar,12,13,,Yes,No,Yes,Cable,No,No,No,Yes,No,No,No,Yes,Month-to-Month,No,"Credit Card",49.05,49.05,0,0,25.77,74.82,Joined,,
19539-PUN,Female,37,Yes,Punjab,14,8,"Deal 5",Yes,No,Yes,DSL,No,No,No,No,No,No,No,Yes,Month-to-Month,Yes,"Credit Card",45.4,45.4,0,0,49.33,94.73,Joined,,
23256-HAR,Female,32,Yes,Haryana,10,31,"Deal 5",Yes,No,No,,,,,,,,,,Month-to-Month,No,"Bank Withdrawal",19.85,52,0,0,72.1,124.1,Joined,,
66164-CHH,Female,62,No,Chhattisgarh,13,20,,Yes,No,No,,,,,,,,,,Month-to-Month,No,"Credit Card",19.4,61.05,0,0,13.3,74.35,Joined,,
45038-BIH,Female,25,Yes,Bihar,7,14,,Yes,No,Yes,"Fiber Optic",Yes,No,No,No,No,No,No,Yes,Month-to-Month,Yes,"Bank Withdrawal",74.55,233.65,0,0,30.3,263.95,Joined,,
58974-MAD,Male,34,No,"Madhya Pradesh",11,14,,Yes,No,No,,,,,,,,,,Month-to-Month,No,"Credit Card",20.3,41.2,0,0,25.36,66.56,Joined,,
94243-TAM,Female,34,No,"Tamil Nadu",5,15,,Yes,No,No,,,,,,,,,,Month-to-Month,Yes,"Credit Card",19.9,19.9,0,0,7.76,27.66,Joined,,
92398-AND,Male,35,No,"Andhra Pradesh",5,12,"Deal 5",Yes,No,No,,,,,,,,,,Month-to-Month,Yes,"Credit Card",20,61.7,0,0,46.11,107.81,Joined,,
84535-TAM,Male,46,No,"Tamil Nadu",2,36,,Yes,No,No,,,,,,,,,,Month-to-Month,No,"Mailed Check",20.4,42.9,0,0,99.06,141.96,Joined,,
72971-TAM,Female,81,No,"Tamil Nadu",6,8,,Yes,No,Yes,"Fiber Optic",No,No,No,Yes,No,No,No,Yes,"One Year",No,"Bank Withdrawal",74.7,74.7,0,0,27.65,102.35,Joined,,
56554-RAJ,Female,29,Yes,Rajasthan,0,11,"Deal 5",Yes,No,No,,,,,,,,,,Month-to-Month,Yes,"Credit Card",19.75,19.75,0,0,10.22,29.97,Joined,,
86362-ASS,Female,35,Yes,Assam,15,11,,Yes,No,Yes,"Fiber Optic",No,No,No,Yes,No,No,No,Yes,Month-to-Month,Yes,"Mailed Check",74.3,74.3,0,0,39.55,113.85,Joined,,
64327-AND,Female,59,Yes,"Andhra Pradesh",8,9,,Yes,No,No,,,,,,,,,,Month-to-Month,Yes,"Credit Card",20.65,20.65,0,0,35.24,55.89,Joined,,
84687-PUN,Female,31,No,Punjab,0,18,"Deal 5",No,,Yes,Cable,No,No,No,No,No,No,No,No,Month-to-Month,No,"Credit Card",24.7,24.7,0,70,0,94.7,Joined,,
28239-UTT,Female,55,Yes,"Uttar Pradesh",0,5,,Yes,No,No,,,,,,,,,,Month-to-Month,No,"Credit Card",19.95,19.95,0,0,38.84,58.79,Joined,,
46571-HAR,Female,65,Yes,Haryana,8,33,"Deal 5",Yes,Yes,Yes,"Fiber Optic",No,No,No,No,No,Yes,No,Yes,"Two Year",Yes,"Bank Withdrawal",84.05,186.05,0,0,43.8,229.85,Joined,,
42574-ASS,Female,25,No,Assam,5,3,,Yes,No,No,,,,,,,,,,Month-to-Month,No,"Credit Card",19.55,19.55,0,0,8.23,27.78,Joined,,
71261-TAM,Female,59,No,"Tamil Nadu",2,27,,Yes,No,Yes,Cable,Yes,Yes,No,Yes,No,Yes,Yes,Yes,Month-to-Month,Yes,"Bank Withdrawal",70.45,70.45,0,0,20.1,90.55,Joined,,
14567-TAM,Male,43,No,"Tamil Nadu",1,9,,Yes,No,No,,,,,,,,,,Month-to-Month,No,"Credit Card",20.35,20.35,0,0,44.09,64.44,Joined,,
77688-TAM,Male,35,No,"Tamil Nadu",4,13,,Yes,No,Yes,DSL,No,No,No,Yes,No,No,No,Yes,Month-to-Month,No,"Credit Card",49,49,0,0,49.19,98.19,Joined,,
53612-UTT,Female,39,Yes,"Uttar Pradesh",8,34,,Yes,No,No,,,,,,,,,,Month-to-Month,No,"Credit Card",20.85,72,0,0,35.31,107.31,Joined,,
13058-MAD,Female,58,No,"Madhya Pradesh",13,22,,Yes,No,Yes,DSL,No,No,No,No,No,No,No,Yes,Month-to-Month,Yes,"Mailed Check",46.1,130.15,0,0,7.98,138.13,Joined,,
23729-UTT,Female,58,No,"Uttar Pradesh",14,19,"Deal 5",Yes,No,No,,,,,,,,,,Month-to-Month,Yes,"Credit Card",19.65,38.8,0,0,19.22,58.02,Joined,,
12136-RAJ,Female,25,Yes,Rajasthan,2,35,,Yes,No,No,,,,,,,,,,Month-to-Month,No,"Bank Withdrawal",19.9,19.9,0,0,11.83,31.73,Joined,,
35658-JHA,Male,35,No,Jharkhand,2,16,,Yes,No,No,,,,,,,,,,Month-to-Month,No,"Mailed Check",20.45,20.45,0,0,39.61,60.06,Joined,,
63487-MAH,Female,36,Yes,Maharashtra,8,34,,Yes,No,Yes,Cable,No,No,No,No,No,No,No,Yes,Month-to-Month,No,"Credit Card",44.75,44.75,0,0,40.87,85.62,Joined,,
86289-UTT,Male,27,No,"Uttar Pradesh",4,27,,Yes,No,No,,,,,,,,,,Month-to-Month,No,"Credit Card",20.3,20.3,0,0,29.19,49.49,Joined,,
32586-UTT,Female,25,No,"Uttar Pradesh",15,10,,Yes,Yes,No,,,,,,,,,,Month-to-Month,Yes,"Credit Card",-8,25.75,0,0,15.22,40.97,Joined,,
66749-KER,Female,47,No,Kerala,9,5,,Yes,No,No,,,,,,,,,,Month-to-Month,No,"Credit Card",20.75,20.75,0,0,36.28,57.03,Joined,,
46479-GUJ,Male,41,Yes,Gujarat,0,13,,Yes,No,Yes,DSL,Yes,Yes,No,Yes,No,Yes,Yes,Yes,"Two Year",No,"Credit Card",71.1,213.35,2.62,0,111,321.73,Joined,,
53295-WES,Female,35,No,"West Bengal",7,33,"Deal 5",Yes,Yes,No,,,,,,,,,,Month-to-Month,Yes,"Bank Withdrawal",25.7,25.7,0,0,43.84,69.54,Joined,,
15349-UTT,Male,47,Yes,"Uttar Pradesh",9,12,"Deal 5",Yes,Yes,Yes,DSL,No,No,No,No,No,No,No,Yes,Month-to-Month,Yes,"Bank Withdrawal",50.15,50.15,0,0,39.87,90.02,Joined,,
28281-KAR,Male,56,Yes,Karnataka,8,32,"Deal 5",Yes,No,Yes,"Fiber Optic",No,No,No,No,No,Yes,Yes,Yes,Month-to-Month,Yes,"Bank Withdrawal",80.35,253.8,0,0,148.89,402.69,Joined,,
88111-MAH,Female,52,Yes,Maharashtra,15,32,,Yes,No,Yes,"Fiber Optic",Yes,Yes,No,Yes,No,No,No,Yes,Month-to-Month,Yes,"Credit Card",83.4,83.4,0,0,43.06,126.46,Joined,,
42029-TAM,Male,32,Yes,"Tamil Nadu",3,30,,Yes,No,No,,,,,,,,,,Month-to-Month,Yes,"Bank Withdrawal",20.5,76.95,0,0,111.03,187.98,Joined,,
12490-TEL,Female,52,No,Telangana,9,6,,Yes,No,Yes,"Fiber Optic",No,No,Yes,No,No,No,No,Yes,Month-to-Month,Yes,"Mailed Check",74.75,238.1,38.84,0,37.5,236.76,Joined,,
34024-AND,Female,45,Yes,"Andhra Pradesh",4,21,,Yes,No,No,,,,,,,,,,Month-to-Month,No,"Credit Card",20.05,20.05,0,0,7.66,27.71,Joined,,
71752-TEL,Female,51,No,Telangana,4,2,"Deal 5",Yes,No,No,,,,,,,,,,Month-to-Month,No,"Bank Withdrawal",19.9,57.4,0,0,53.8,111.2,Joined,,
62968-UTT,Female,18,No,"Uttar Pradesh",4,3,,Yes,No,Yes,Cable,No,No,No,Yes,No,Yes,Yes,Yes,Month-to-Month,Yes,"Credit Card",59.55,59.55,0,0,41.39,100.94,Joined,,
68826-MAH,Male,48,No,Maharashtra,14,1,,No,,Yes,Cable,No,No,No,No,No,No,No,No,Month-to-Month,Yes,"Bank Withdrawal",24.7,24.7,0,0,0,24.7,Joined,,
36017-TAM,Female,52,Yes,"Tamil Nadu",15,23,,Yes,No,No,,,,,,,,,,Month-to-Month,No,"Credit Card",19.55,19.55,0,0,40.63,60.18,Joined,,
83610-BIH,Female,66,Yes,Bihar,0,11,"Deal 5",Yes,No,Yes,"Fiber Optic",No,No,Yes,No,No,No,No,Yes,"Two Year",Yes,"Bank Withdrawal",74.2,140.1,0,0,14.58,154.68,Joined,,
32563-KAR,Female,34,Yes,Karnataka,3,22,,Yes,No,Yes,"Fiber Optic",No,No,No,No,No,No,No,No,Month-to-Month,Yes,"Bank Withdrawal",69.8,146.65,0,10,22.38,179.03,Joined,,
36284-ODI,Male,43,Yes,Odisha,4,13,,Yes,No,Yes,DSL,No,No,No,No,No,No,No,Yes,Month-to-Month,No,"Bank Withdrawal",44.55,44.55,0,0,41.1,85.65,Joined,,
46378-MAH,Female,59,Yes,Maharashtra,15,10,,Yes,No,Yes,"Fiber Optic",No,No,No,No,No,No,No,Yes,Month-to-Month,Yes,"Credit Card",70.4,154.8,0,0,14.98,169.78,Joined,,
44202-TEL,Female,50,Yes,Telangana,9,14,,Yes,No,Yes,"Fiber Optic",No,No,No,No,No,No,No,Yes,Month-to-Month,Yes,"Credit Card",69.95,69.95,0,0,11.45,81.4,Joined,,
17154-HAR,Male,32,No,Haryana,13,4,,Yes,No,No,,,,,,,,,,"One Year",No,"Mailed Check",18.8,18.8,0,0,43.57,62.37,Joined,,
19837-TAM,Female,57,Yes,"Tamil Nadu",4,6,,No,,Yes,Cable,No,Yes,No,No,Yes,Yes,Yes,Yes,Month-to-Month,No,"Bank Withdrawal",51.4,96.8,0,0,0,96.8,Joined,,
13666-UTT,Male,57,Yes,Uttarakhand,15,16,,Yes,No,Yes,"Fiber Optic",No,Yes,No,No,Yes,Yes,Yes,Yes,Month-to-Month,No,"Bank Withdrawal",95.4,293.15,0,0,51.03,344.18,Joined,,
48307-WES,Female,56,No,"West Bengal",4,15,"Deal 5",Yes,No,Yes,Cable,No,No,Yes,No,Yes,Yes,Yes,No,"One Year",Yes,"Bank Withdrawal",69.95,220.45,0,30,88.53,338.98,Joined,,
26412-ASS,Female,30,No,Assam,7,18,,Yes,No,No,,,,,,,,,,Month-to-Month,Yes,"Bank Withdrawal",20.7,39.85,0,0,27.78,67.63,Joined,,
86891-GUJ,Male,25,No,Gujarat,7,5,,Yes,No,No,,,,,,,,,,Month-to-Month,No,"Credit Card",20.05,20.05,0,0,18.15,38.2,Joined,,
34101-TAM,Female,41,No,"Tamil Nadu",5,35,,Yes,No,No,,,,,,,,,,Month-to-Month,No,"Bank Withdrawal",20.2,50.6,0,0,55.29,105.89,Joined,,
63464-AND,Male,48,No,"Andhra Pradesh",7,5,,Yes,No,Yes,DSL,No,No,No,Yes,No,Yes,Yes,Yes,Month-to-Month,No,"Credit Card",60.65,196.9,0,0,67.47,264.37,Joined,,
92134-BIH,Male,24,No,Bihar,5,11,,No,,Yes,DSL,No,No,No,No,Yes,No,No,Yes,Month-to-Month,Yes,"Credit Card",34.8,113.95,0,0,0,113.95,Joined,,
48051-GUJ,Female,49,Yes,Gujarat,0,36,,No,,Yes,DSL,No,No,No,No,No,No,No,Yes,"One Year",No,"Credit Card",25.85,25.85,0,0,0,25.85,Joined,,
19811-MAH,Female,35,Yes,Maharashtra,10,7,"Deal 5",Yes,No,Yes,"Fiber Optic",Yes,Yes,No,No,Yes,No,No,Yes,Month-to-Month,No,"Bank Withdrawal",89.85,248.4,0,0,99.9,348.3,Joined,,
82473-AND,Male,63,Yes,"Andhra Pradesh",10,1,"Deal 5",No,,Yes,DSL,No,Yes,No,No,No,No,No,Yes,Month-to-Month,No,"Credit Card",29.8,94.4,0,0,0,94.4,Joined,,
89512-JAM,Male,57,No,"Jammu & Kashmir",3,34,,Yes,Yes,Yes,DSL,Yes,Yes,No,No,No,No,No,Yes,Month-to-Month,No,"Bank Withdrawal",60.95,134.6,0,0,29.76,164.36,Joined,,
27553-UTT,Female,53,Yes,"Uttar Pradesh",0,18,,Yes,No,No,,,,,,,,,,Month-to-Month,No,"Credit Card",20.3,20.3,0,0,4.09,24.39,Joined,,
83196-UTT,Female,61,Yes,"Uttar Pradesh",3,10,,Yes,Yes,Yes,"Fiber Optic",Yes,No,No,No,No,No,No,Yes,Month-to-Month,No,"Credit Card",80.55,188.1,0,0,10.6,198.7,Joined,,
95735-PUN,Female,53,No,Punjab,10,21,,Yes,No,No,,,,,,,,,,Month-to-Month,No,"Credit Card",19.25,48.35,0,0,42.36,90.71,Joined,,
52279-TAM,Male,53,No,"Tamil Nadu",15,26,"Deal 5",Yes,No,Yes,"Fiber Optic",No,No,No,No,Yes,No,No,Yes,Month-to-Month,Yes,"Bank Withdrawal",80.7,239.45,0,0,71.16,310.61,Joined,,
46004-TAM,Male,25,Yes,"Tamil Nadu",1,6,,Yes,No,Yes,DSL,No,No,No,Yes,Yes,Yes,Yes,Yes,Month-to-Month,No,"Bank Withdrawal",-8,132.4,0,0,47.04,179.44,Joined,,
45672-TAM,Female,29,No,"Tamil Nadu",0,2,,Yes,No,No,,,,,,,,,,Month-to-Month,No,"Mailed Check",20.2,20.2,0,0,42.15,62.35,Joined,,
19541-ODI,Female,37,Yes,Odisha,15,14,"Deal 5",Yes,No,Yes,Cable,No,No,No,No,No,No,No,Yes,Month-to-Month,Yes,"Credit Card",45.25,74.2,0,0,79,153.2,Joined,,
79777-MAH,Male,77,Yes,Maharashtra,13,33,,Yes,Yes,Yes,"Fiber Optic",No,No,No,No,No,No,No,Yes,Month-to-Month,Yes,"Mailed Check",72.6,154.3,0,0,30.38,184.68,Joined,,
95822-AND,Male,34,Yes,"Andhra Pradesh",3,26,,Yes,No,No,,,,,,,,,,Month-to-Month,Yes,"Credit Card",19.2,19.2,0,0,17.89,37.09,Joined,,
97828-MAH,Female,57,No,Maharashtra,0,12,"Deal 5",Yes,No,Yes,"Fiber Optic",No,No,No,No,Yes,Yes,Yes,Yes,Month-to-Month,Yes,"Bank Withdrawal",92,266.8,0,0,46.8,313.6,Joined,,
54564-AND,Female,55,Yes,"Andhra Pradesh",11,7,,Yes,Yes,Yes,"Fiber Optic",No,No,No,No,No,No,No,Yes,Month-to-Month,No,"Bank Withdrawal",76.1,257.6,0,0,43.05,300.65,Joined,,
84720-GUJ,Male,55,Yes,Gujarat,11,6,,Yes,No,No,,,,,,,,,,Month-to-Month,No,"Credit Card",19.2,19.2,0,0,32.78,51.98,Joined,,
38779-HAR,Female,25,No,Haryana,13,19,,Yes,No,No,,,,,,,,,,Month-to-Month,Yes,"Credit Card",20.05,75.45,0,0,113.55,189,Joined,,
39623-HAR,Female,85,No,Haryana,2,10,"Deal 5",Yes,No,Yes,"Fiber Optic",No,Yes,No,No,No,No,No,No,Month-to-Month,Yes,"Bank Withdrawal",74.6,239.05,0,30,118.53,387.58,Joined,,
53186-HAR,Male,74,Yes,Haryana,10,2,"Deal 5",Yes,No,Yes,DSL,No,No,No,No,No,No,No,Yes,"One Year",No,"Bank Withdrawal",45.25,45.25,0,0,11.89,57.14,Joined,,
82010-WES,Female,46,No,"West Bengal",14,7,"Deal 5",Yes,Yes,Yes,"Fiber Optic",No,Yes,No,No,No,No,No,Yes,Month-to-Month,No,"Bank Withdrawal",79.55,151.75,0,0,51.12,202.87,Joined,,
46865-PUN,Female,18,No,Punjab,11,1,"Deal 5",Yes,Yes,Yes,"Fiber Optic",No,Yes,No,No,No,No,No,Yes,Month-to-Month,Yes,"Bank Withdrawal",79.45,145.15,0,0,57.22,202.37,Joined,,
99488-KAR,Male,50,Yes,Karnataka,10,31,,No,,Yes,DSL,No,No,No,No,No,No,No,Yes,Month-to-Month,No,"Credit Card",24.4,24.4,0,0,0,24.4,Joined,,
73547-KAR,Female,43,Yes,Karnataka,13,16,,Yes,Yes,Yes,"Fiber Optic",No,No,No,No,Yes,No,No,Yes,Month-to-Month,Yes,"Bank Withdrawal",84.05,134.05,0,0,44.46,178.51,Joined,,
12469-AND,Male,24,Yes,"Andhra Pradesh",11,4,,Yes,No,Yes,DSL,No,No,No,No,Yes,No,No,Yes,Month-to-Month,Yes,"Credit Card",55.3,55.3,0,0,36.69,91.99,Joined,,
77137-MAH,Male,52,No,Maharashtra,1,8,"Deal 5",Yes,No,Yes,DSL,No,No,No,No,No,No,No,Yes,Month-to-Month,Yes,"Mailed Check",45.55,45.55,0,0,16.34,61.89,Joined,,
35075-PUN,Male,64,Yes,Punjab,5,9,,Yes,No,Yes,Cable,No,No,Yes,Yes,No,No,No,Yes,Month-to-Month,No,"Credit Card",55.05,55.05,0,0,14.65,69.7,Joined,,
61474-TEL,Male,52,Yes,Telangana,11,17,,Yes,No,No,,,,,,,,,,Month-to-Month,No,"Credit Card",20.35,20.35,0,0,31.97,52.32,Joined,,
63883-KAR,Female,33,Yes,Karnataka,12,26,,Yes,No,No,,,,,,,,,,Month-to-Month,Yes,"Mailed Check",20.45,42.45,0,0,94.38,136.83,Joined,,
19041-AND,Female,36,No,"Andhra Pradesh",6,21,"Deal 5",No,,Yes,Cable,Yes,No,No,Yes,No,No,No,Yes,Month-to-Month,No,"Credit Card",35.1,101.1,0,0,0,101.1,Joined,,
74378-KAR,Female,37,Yes,Karnataka,12,30,,Yes,No,Yes,DSL,Yes,No,No,Yes,No,No,No,Yes,Month-to-Month,Yes,"Credit Card",54.45,87.3,0,0,39.74,127.04,Joined,,
23605-MAH,Female,31,Yes,Maharashtra,1,19,,Yes,No,No,,,,,,,,,,Month-to-Month,No,"Credit Card",20.75,20.75,0,0,7.57,28.32,Joined,,
22765-MAH,Female,40,Yes,Maharashtra,6,16,"Deal 5",Yes,No,No,,,,,,,,,,Month-to-Month,No,"Bank Withdrawal",19.45,19.45,0,0,16.44,35.89,Joined,,
93521-MAH,Female,55,No,Maharashtra,6,35,,Yes,No,Yes,DSL,No,No,No,Yes,No,No,No,No,Month-to-Month,Yes,"Bank Withdrawal",-1,49.3,0,10,14.97,74.27,Joined,,
56460-MAH,Male,38,Yes,Maharashtra,12,23,"Deal 5",Yes,No,Yes,"Fiber Optic",No,No,No,No,No,No,No,No,Month-to-Month,No,"Credit Card",-1,129.2,0,10,5.44,144.64,Joined,,
94305-KAR,Male,49,Yes,Karnataka,5,18,"Deal 5",Yes,No,No,,,,,,,,,,Month-to-Month,No,"Bank Withdrawal",19.75,19.75,0,0,5.32,25.07,Joined,,
15591-KAR,Female,26,No,Karnataka,3,31,,Yes,No,No,,,,,,,,,,Month-to-Month,No,"Credit Card",20.4,20.4,0,0,45.91,66.31,Joined,,
98334-MAD,Male,67,Yes,"Madhya Pradesh",15,20,,Yes,No,No,,,,,,,,,,Month-to-Month,No,"Bank Withdrawal",20.2,65.95,0,0,95.43,161.38,Joined,,
47737-UTT,Male,42,No,"Uttar Pradesh",15,25,,Yes,No,No,,,,,,,,,,Month-to-Month,No,"Credit Card",19.65,19.65,0,0,16.91,36.56,Joined,,
24696-BIH,Female,69,Yes,Bihar,0,20,"Deal 5",Yes,No,Yes,DSL,No,No,No,No,No,No,No,Yes,Month-to-Month,No,"Bank Withdrawal",43.95,85.1,0,0,38.18,123.28,Joined,,
18829-TAM,Female,49,Yes,"Tamil Nadu",4,31,"Deal 5",Yes,No,No,,,,,,,,,,Month-to-Month,No,"Credit Card",18.8,56,0,0,19.83,75.83,Joined,,
72391-UTT,Male,35,No,"Uttar Pradesh",1,7,,No,,Yes,DSL,No,No,No,No,No,Yes,Yes,Yes,Month-to-Month,No,"Bank Withdrawal",35,35,0,0,0,35,Joined,,
77230-RAJ,Female,59,Yes,Rajasthan,5,4,,Yes,No,No,,,,,,,,,,Month-to-Month,Yes,"Bank Withdrawal",19.65,31.2,0,0,15.6,46.8,Joined,,
52403-WES,Female,66,Yes,"West Bengal",9,6,,Yes,No,Yes,"Fiber Optic",No,No,No,No,No,No,No,No,"Two Year",Yes,"Bank Withdrawal",71.25,71.25,0,10,17.6,98.85,Joined,,
19998-AND,Female,18,No,"Andhra Pradesh",0,2,"Deal 5",Yes,No,Yes,"Fiber Optic",No,No,Yes,No,No,Yes,Yes,Yes,Month-to-Month,No,"Credit Card",85.7,256.75,0,0,89.52,346.27,Joined,,
36483-KAR,Male,42,No,Karnataka,2,14,,Yes,No,No,,,,,,,,,,Month-to-Month,No,"Credit Card",19.75,19.75,0,0,15.77,35.52,Joined,,
54598-TAM,Male,59,No,"Tamil Nadu",11,32,,Yes,No,No,,,,,,,,,,Month-to-Month,No,"Credit Card",19.75,39.3,0,0,3.94,43.24,Joined,,
66669-HAR,Male,44,No,Haryana,12,32,"Deal 5",Yes,No,Yes,Cable,No,No,No,No,No,No,No,Yes,Month-to-Month,Yes,"Bank Withdrawal",44.05,44.05,0,0,30.73,74.78,Joined,,
35606-BIH,Male,76,Yes,Bihar,12,18,"Deal 5",Yes,No,Yes,"Fiber Optic",No,No,Yes,No,No,No,No,No,"One Year",No,"Credit Card",75.05,202.9,5.49,10,124.32,331.73,Joined,,
33773-UTT,Male,58,Yes,"Uttar Pradesh",3,6,"Deal 5",Yes,No,No,,,,,,,,,,Month-to-Month,No,"Credit Card",20.6,20.6,0,0,1.48,22.08,Joined,,
43877-PUN,Male,23,No,Punjab,6,3,,Yes,No,Yes,DSL,No,No,Yes,No,No,Yes,Yes,Yes,Month-to-Month,No,"Bank Withdrawal",60.85,111.4,0,0,30.5,141.9,Joined,,
16764-WES,Male,40,No,"West Bengal",15,13,"Deal 5",Yes,No,No,,,,,,,,,,Month-to-Month,No,"Credit Card",20.8,20.8,0,0,48.14,68.94,Joined,,
95991-MAD,Female,37,Yes,"Madhya Pradesh",0,32,,Yes,No,Yes,Cable,No,No,No,Yes,No,No,No,Yes,Month-to-Month,Yes,"Credit Card",50.25,152.3,0,0,84.57,236.87,Joined,,
56256-UTT,Male,40,No,"Uttar Pradesh",14,15,,Yes,No,Yes,"Fiber Optic",No,No,No,No,No,No,No,Yes,Month-to-Month,Yes,"Credit Card",70.3,220.4,0,0,29.22,249.62,Joined,,
32587-UTT,Female,30,No,"Uttar Pradesh",1,27,,Yes,No,Yes,Cable,No,No,No,No,No,No,No,Yes,Month-to-Month,No,"Credit Card",45.45,141.7,0,0,61.11,202.81,Joined,,
86970-KER,Male,57,Yes,Kerala,2,9,,Yes,No,Yes,DSL,No,Yes,No,No,No,No,No,No,Month-to-Month,No,"Bank Withdrawal",49.5,49.5,0,30,16.99,96.49,Joined,,
66766-UTT,Female,38,No,"Uttar Pradesh",6,10,"Deal 5",Yes,Yes,Yes,"Fiber Optic",No,No,No,No,No,No,No,Yes,Month-to-Month,Yes,"Bank Withdrawal",74.95,212.4,27.6,0,4.92,189.72,Joined,,
34713-KER,Male,58,Yes,Kerala,1,29,"Deal 5",Yes,Yes,Yes,"Fiber Optic",Yes,No,No,No,No,Yes,Yes,Yes,Month-to-Month,No,"Credit Card",90.75,174.75,0,0,54.34,229.09,Joined,,
82170-TAM,Male,41,No,"Tamil Nadu",5,29,,Yes,No,Yes,DSL,No,No,No,No,No,No,No,Yes,Month-to-Month,No,"Mailed Check",44.6,44.6,0,0,45.28,89.88,Joined,,
74033-ASS,Female,45,Yes,Assam,15,20,,No,,Yes,Cable,No,No,No,No,No,No,No,Yes,Month-to-Month,No,"Bank Withdrawal",25.25,25.25,0,0,0,25.25,Joined,,
26139-KAR,Male,76,No,Karnataka,5,22,"Deal 5",Yes,No,Yes,DSL,No,No,Yes,No,No,No,No,Yes,"Two Year",No,"Mailed Check",49.95,107.1,0,0,75.94,183.04,Joined,,
32966-HAR,Female,23,No,Haryana,3,7,,Yes,No,No,,,,,,,,,,Month-to-Month,No,"Bank Withdrawal",19.2,19.2,0,0,26.37,45.57,Joined,,
94124-MAH,Female,21,No,Maharashtra,9,8,,Yes,No,Yes,"Fiber Optic",No,No,No,No,Yes,No,No,Yes,Month-to-Month,Yes,"Bank Withdrawal",79.95,174.45,0,0,75.4,249.85,Joined,,
13823-TEL,Female,31,Yes,Telangana,1,28,"Deal 5",No,,Yes,DSL,No,No,No,No,No,No,No,Yes,Month-to-Month,No,"Bank Withdrawal",24.5,46.4,0,0,0,46.4,Joined,,
57457-MAD,Female,46,No,"Madhya Pradesh",14,34,,Yes,No,No,,,,,,,,,,Month-to-Month,No,"Mailed Check",20,38,0,0,68.76,106.76,Joined,,
96967-CHH,Female,33,No,Chhattisgarh,5,8,,Yes,No,Yes,"Fiber Optic",No,No,No,No,Yes,Yes,Yes,Yes,Month-to-Month,Yes,"Bank Withdrawal",89.35,89.35,0,0,5.36,94.71,Joined,,
71210-WES,Female,58,No,"West Bengal",15,28,,Yes,No,No,,,,,,,,,,Month-to-Month,No,"Credit Card",19.85,19.85,0,0,29.1,48.95,Joined,,
53764-WES,Male,36,No,"West Bengal",10,23,,No,,Yes,Cable,No,No,No,No,No,No,No,Yes,Month-to-Month,Yes,"Credit Card",24.9,24.9,0,0,0,24.9,Joined,,
39128-PUN,Male,36,No,Punjab,15,22,"Deal 5",Yes,No,Yes,DSL,No,No,No,No,No,No,No,No,Month-to-Month,Yes,"Bank Withdrawal",44.75,44.75,0,10,18.57,73.32,Joined,,
65405-MAH,Female,65,Yes,Maharashtra,7,18,,Yes,No,No,,,,,,,,,,"One Year",No,"Mailed Check",20.25,71.2,0,0,4.41,75.61,Joined,,
87024-KAR,Male,58,No,Karnataka,14,8,"Deal 5",Yes,No,Yes,"Fiber Optic",No,No,No,No,No,No,No,Yes,Month-to-Month,Yes,"Credit Card",71.3,157.75,0,0,13.48,171.23,Joined,,
99855-MAH,Female,50,Yes,Maharashtra,5,29,,Yes,No,Yes,"Fiber Optic",No,No,No,No,No,No,No,Yes,Month-to-Month,Yes,"Bank Withdrawal",69.7,135.2,0,0,31.34,166.54,Joined,,
39866-MAH,Female,24,No,Maharashtra,1,12,"Deal 5",Yes,No,Yes,DSL,No,No,No,No,No,No,No,No,Month-to-Month,No,"Bank Withdrawal",45.55,84.4,0,10,83.8,178.2,Joined,,
97427-JAM,Female,27,Yes,"Jammu & Kashmir",9,2,"Deal 5",Yes,No,No,,,,,,,,,,Month-to-Month,Yes,"Credit Card",20.35,20.35,0,0,29.86,50.21,Joined,,
92527-KAR,Female,40,No,Karnataka,7,16,,Yes,No,No,,,,,,,,,,Month-to-Month,Yes,"Credit Card",20.05,20.05,0,0,3.23,23.28,Joined,,
33910-TEL,Female,63,No,Telangana,4,30,,Yes,No,No,,,,,,,,,,Month-to-Month,No,"Bank Withdrawal",19.55,61.05,0,0,122.94,183.99,Joined,,
85506-MAH,Female,23,No,Maharashtra,0,10,,Yes,No,No,,,,,,,,,,"One Year",No,"Credit Card",20.2,34.75,0,0,76.82,111.57,Joined,,
57012-TAM,Female,78,Yes,"Tamil Nadu",11,29,"Deal 5",Yes,No,Yes,DSL,No,No,No,No,No,No,No,Yes,"Two Year",No,"Bank Withdrawal",45.2,45.2,0,0,49.34,94.54,Joined,,
46190-GUJ,Male,27,Yes,Gujarat,0,36,"Deal 5",Yes,No,Yes,DSL,No,No,No,No,No,Yes,Yes,No,Month-to-Month,No,"Mailed Check",55.55,55.55,0,30,33.32,118.87,Joined,,
36628-GUJ,Female,44,Yes,Gujarat,7,1,"Deal 5",Yes,No,Yes,"Fiber Optic",Yes,No,No,Yes,No,No,No,Yes,Month-to-Month,Yes,"Bank Withdrawal",80.15,194.55,0,0,53.16,247.71,Joined,,
46730-ASS,Female,18,No,Assam,5,4,"Deal 5",Yes,No,Yes,"Fiber Optic",No,Yes,No,No,No,No,No,Yes,Month-to-Month,Yes,"Bank Withdrawal",74.75,144.8,0,0,87.12,231.92,Joined,,
47492-AND,Female,30,Yes,"Andhra Pradesh",15,24,"Deal 5",Yes,No,No,,,,,,,,,,Month-to-Month,Yes,"Bank Withdrawal",20.15,20.15,0,0,18.63,38.78,Joined,,
33472-HAR,Female,77,No,Haryana,0,16,,Yes,No,Yes,"Fiber Optic",No,No,Yes,No,No,No,No,Yes,"Two Year",No,"Bank Withdrawal",73.85,196.4,0,0,139.95,336.35,Joined,,
49273-PUD,Female,45,Yes,Puducherry,11,15,"Deal 5",Yes,No,Yes,DSL,Yes,Yes,No,Yes,No,No,No,Yes,"Two Year",No,"Mailed Check",59.5,130.5,0,0,85.1,215.6,Joined,,
44700-DEL,Female,48,No,Delhi,10,19,"Deal 5",Yes,Yes,Yes,"Fiber Optic",No,No,No,No,Yes,No,No,No,Month-to-Month,Yes,"Bank Withdrawal",84.6,84.6,0,0,7.34,91.94,Joined,,
25517-RAJ,Female,40,No,Rajasthan,4,10,,Yes,Yes,Yes,"Fiber Optic",No,No,Yes,No,Yes,No,No,No,Month-to-Month,Yes,"Bank Withdrawal",91.45,171.45,0,10,98.82,280.27,Joined,,
25733-HAR,Female,80,No,Haryana,8,33,"Deal 5",Yes,No,Yes,"Fiber Optic",No,No,Yes,No,Yes,Yes,No,No,"One Year",Yes,"Credit Card",95.5,181.65,0,10,66.2,257.85,Joined,,
79342-KAR,Female,39,Yes,Karnataka,5,22,,Yes,No,Yes,DSL,Yes,No,No,Yes,Yes,No,No,Yes,Month-to-Month,Yes,"Credit Card",64.4,195.65,0,0,114.15,309.8,Joined,,
74804-WES,Female,46,No,"West Bengal",0,5,,Yes,No,Yes,"Fiber Optic",No,No,No,No,No,No,No,No,Month-to-Month,Yes,"Credit Card",69.6,207.4,0,20,86.91,314.31,Joined,,
45561-MAH,Female,44,Yes,Maharashtra,6,7,"Deal 5",Yes,No,No,,,,,,,,,,Month-to-Month,Yes,"Mailed Check",20,40.9,0,0,86.54,127.44,Joined,,
28681-HAR,Female,33,No,Haryana,4,2,,Yes,No,Yes,"Fiber Optic",No,No,Yes,No,No,No,No,Yes,Month-to-Month,No,"Bank Withdrawal",75.55,75.55,0,0,7.11,82.66,Joined,,
36339-UTT,Female,54,No,"Uttar Pradesh",14,7,"Deal 5",Yes,No,No,,,,,,,,,,Month-to-Month,Yes,"Credit Card",19.9,45.75,0,0,124.08,169.83,Joined,,
73108-GUJ,Female,38,Yes,Gujarat,6,12,,Yes,No,No,,,,,,,,,,Month-to-Month,No,"Credit Card",20.25,36.8,0,0,31.66,68.46,Joined,,
86703-WES,Female,54,Yes,"West Bengal",14,35,"Deal 5",Yes,No,No,,,,,,,,,,Month-to-Month,No,"Bank Withdrawal",20.65,20.65,0,0,1.47,22.12,Joined,,
92494-MAH,Female,39,Yes,Maharashtra,11,19,,Yes,No,Yes,"Fiber Optic",Yes,Yes,No,No,Yes,No,No,No,Month-to-Month,Yes,"Bank Withdrawal",91.15,168.5,0,10,93.56,272.06,Joined,,
79427-KAR,Male,67,Yes,Karnataka,12,21,"Deal 5",Yes,No,Yes,"Fiber Optic",No,No,No,No,No,No,No,Yes,Month-to-Month,No,"Bank Withdrawal",70.1,141.65,0,0,69.98,211.63,Joined,,
26448-BIH,Female,57,No,Bihar,10,21,"Deal 5",Yes,No,Yes,DSL,No,Yes,No,Yes,Yes,Yes,Yes,Yes,Month-to-Month,Yes,"Bank Withdrawal",75.3,244.1,0,0,116.97,361.07,Joined,,
81118-MAD,Female,31,No,"Madhya Pradesh",1,13,,Yes,No,Yes,Cable,No,No,No,No,No,No,No,Yes,Month-to-Month,Yes,"Credit Card",45.8,45.8,0,0,13.62,59.42,Joined,,
91505-DEL,Male,62,Yes,Delhi,13,36,"Deal 5",Yes,Yes,Yes,"Fiber Optic",No,No,No,No,Yes,Yes,Yes,Yes,"Two Year",Yes,"Bank Withdrawal",94.85,335.75,0,0,113.34,449.09,Joined,,
83308-TAM,Male,40,No,"Tamil Nadu",5,14,,No,,Yes,DSL,No,Yes,No,No,No,No,No,Yes,Month-to-Month,No,"Mailed Check",29.65,90.05,0,0,0,90.05,Joined,,
82559-CHH,Male,34,Yes,Chhattisgarh,0,33,"Deal 5",Yes,No,Yes,DSL,No,Yes,No,Yes,No,Yes,Yes,No,Month-to-Month,Yes,"Credit Card",64.2,143.65,0,30,8.82,182.47,Joined,,
72275-GUJ,Female,45,Yes,Gujarat,8,4,,Yes,No,No,,,,,,,,,,"One Year",No,"Credit Card",19.95,47.7,0,0,62.9,110.6,Joined,,
96430-PUN,Male,37,No,Punjab,0,23,,Yes,No,Yes,DSL,Yes,No,No,No,No,No,No,Yes,Month-to-Month,Yes,"Credit Card",48.75,48.75,0,0,26.26,75.01,Joined,,
82118-JAM,Female,69,Yes,"Jammu & Kashmir",3,6,"Deal 5",No,,Yes,Cable,No,No,No,No,No,No,No,Yes,Month-to-Month,No,"Mailed Check",24.2,24.2,0,0,0,24.2,Joined,,
61203-PUN,Female,19,No,Punjab,11,11,,Yes,Yes,Yes,Cable,No,No,No,Yes,Yes,No,No,Yes,Month-to-Month,No,"Bank Withdrawal",64.6,174.2,0,0,122.97,297.17,Joined,,
58577-ODI,Female,44,Yes,Odisha,7,36,"Deal 5",Yes,No,Yes,DSL,No,No,No,No,No,No,No,Yes,Month-to-Month,Yes,"Credit Card",45.85,105.6,0,0,10.94,116.54,Joined,,
43908-WES,Male,36,No,"West Bengal",3,25,,Yes,No,Yes,"Fiber Optic",No,No,No,No,No,No,No,Yes,Month-to-Month,No,"Bank Withdrawal",70.35,139.25,0,0,89.54,228.79,Joined,,
47611-WES,Male,25,No,"West Bengal",4,31,,Yes,No,Yes,DSL,No,No,No,No,No,Yes,Yes,No,Month-to-Month,Yes,"Bank Withdrawal",55.25,55.25,0,60,39.19,154.44,Joined,,
95594-TAM,Female,64,No,"Tamil Nadu",4,1,,Yes,No,Yes,DSL,No,No,No,No,No,No,No,Yes,Month-to-Month,No,"Bank Withdrawal",44,44,0,0,15.66,59.66,Joined,,
55043-UTT,Male,43,Yes,"Uttar Pradesh",8,17,,Yes,No,Yes,"Fiber Optic",No,No,No,No,No,No,No,No,Month-to-Month,Yes,"Bank Withdrawal",69.9,69.9,0,10,9.36,89.26,Joined,,
43604-TAM,Female,18,No,"Tamil Nadu",14,7,"Deal 5",Yes,No,No,,,,,,,,,,"One Year",No,"Mailed Check",19.65,19.65,0,0,23.41,43.06,Joined,,
52695-UTT,Female,52,No,"Uttar Pradesh",14,34,,Yes,No,No,,,,,,,,,,Month-to-Month,No,"Credit Card",20.35,35.1,0,0,4.92,40.02,Joined,,
89303-AND,Male,51,No,"Andhra Pradesh",6,11,"Deal 5",Yes,No,Yes,"Fiber Optic",No,No,No,No,No,No,No,Yes,Month-to-Month,No,"Credit Card",69.95,143.9,0,0,58.2,202.1,Joined,,
19747-WES,Female,47,No,"West Bengal",15,19,"Deal 5",Yes,No,Yes,DSL,Yes,No,No,Yes,No,Yes,Yes,No,Month-to-Month,Yes,"Bank Withdrawal",64.5,177.4,0,60,118.65,356.05,Joined,,
25048-TEL,Male,47,No,Telangana,15,9,"Deal 5",Yes,Yes,No,,,,,,,,,,Month-to-Month,No,"Credit Card",24,24,0,0,32.95,56.95,Joined,,
79700-KER,Female,53,No,Kerala,5,30,,Yes,Yes,Yes,"Fiber Optic",No,Yes,Yes,No,Yes,Yes,Yes,Yes,Month-to-Month,No,"Mailed Check",107.95,313.6,0,0,142.5,456.1,Joined,,
93667-KER,Female,38,No,Kerala,7,33,,Yes,No,No,,,,,,,,,,"One Year",Yes,"Credit Card",20.55,57.4,0,0,33.81,91.21,Joined,,
36323-UTT,Female,48,No,"Uttar Pradesh",14,11,,Yes,No,No,,,,,,,,,,"One Year",No,"Bank Withdrawal",20.5,38.25,0,0,62.02,100.27,Joined,,
45771-KAR,Female,50,No,Karnataka,3,7,,Yes,No,Yes,DSL,No,No,No,No,No,No,No,Yes,Month-to-Month,No,"Credit Card",44.45,44.45,0,0,23.34,67.79,Joined,,
27561-UTT,Female,19,No,"Uttar Pradesh",6,10,"Deal 5",Yes,No,No,,,,,,,,,,Month-to-Month,Yes,"Credit Card",20.25,20.25,0,0,47.25,67.5,Joined,,
21247-ASS,Male,58,Yes,Assam,2,2,,Yes,No,No,,,,,,,,,,Month-to-Month,Yes,"Credit Card",19.5,19.5,0,0,8.02,27.52,Joined,,
87077-TAM,Male,62,Yes,"Tamil Nadu",3,21,"Deal 5",Yes,No,Yes,Cable,No,No,Yes,No,Yes,Yes,Yes,Yes,Month-to-Month,No,"Credit Card",69,147.8,0,0,54.82,202.62,Joined,,
17250-HAR,Female,23,Yes,Haryana,12,2,,Yes,No,Yes,DSL,No,Yes,No,No,No,No,No,Yes,Month-to-Month,No,"Credit Card",49.25,97,0,0,81.5,178.5,Joined,,
